{
  "model_name": "Logistic Regression (Baseline)",
  "cv_scores": {
    "f1": [
      0.30666666666666664,
      0.3693379790940767,
      0.18497109826589594,
      0.3333333333333333,
      0.3076923076923077
    ],
    "precision": [
      0.2,
      0.3925925925925926,
      0.1038961038961039,
      0.2222222222222222,
      0.1935483870967742
    ],
    "recall": [
      0.6571428571428571,
      0.34868421052631576,
      0.8421052631578947,
      0.6666666666666666,
      0.75
    ],
    "accuracy": [
      0.9365079365079365,
      0.8894993894993894,
      0.8278388278388278,
      0.9462759462759462,
      0.9340659340659341
    ],
    "roc_auc": [
      0.8656804206398717,
      0.7797425090316641,
      0.9098026315789473,
      0.9247049938638723,
      0.9229062889165629
    ]
  },
  "cv_mean_f1": 0.3004002770104561,
  "cv_std_f1": 0.06205373417251853,
  "cv_mean_recall": 0.6529197994987468,
  "cv_mean_precision": 0.22245186116153856,
  "cv_mean_roc_auc": 0.8805673688061837,
  "confusion_matrix": [
    [
      8349,
      1148
    ],
    [
      30,
      306
    ]
  ],
  "n_samples": 9833,
  "n_features": 106,
  "positive_rate": 0.03417064985253737,
  "timestamp": "2025-12-24T12:01:30.322713"
}